c,a,b,f_lambda,M_0,M_1,M_2,M_3,M_4,M_5,M_6,M_7,M_8
5,6,5,36036,36036,15015,6336,2709,1173,513,,,
5,7,6,466752,466752,187616,76076,31130,12856,5356,2248,,
5,8,5,408408,408408,160160,63063,24904,9844,3882,,,
5,8,7,4157010,4157010,1619046,634348,250107,99264,39670,15969,6477,
5,9,6,4837248,4837248,1845792,705952,270426,103632,39660,15120,,
5,9,8,31039008,31039008,11757200,4471272,1707732,655304,252780,98100,38346,15120
5,10,5,2469012,2469012,909636,333788,121667,43883,15575,,,
5,10,7,40738698,40738698,15166788,5652738,2108106,786149,292890,108885,40327,
5,10,9,208220012,208220012,76950874,28511210,10593856,3949218,1477931,555742,210245,80164
5,11,6,28651392,28651392,10356672,3729120,1335024,473968,166280,57360,,
5,11,8,292880896,292880896,106646848,38842688,14146448,5150016,1873300,680480,246680,89152
5,11,10,1297994880,1297994880,469275072,169918672,61636152,22407360,8168992,2989116,1099098,406784
5,12,5,10744272,10744272,3720960,1274184,429696,141912,45540,,,
5,12,7,238292604,238292604,84611142,29930472,10534050,3682314,1275525,436455,146880,
5,12,9,1912224600,1912224600,682517088,243515514,86837904,30945168,11018180,3919149,1392372,493932
5,12,11,7666282260,7666282260,2717676780,964135620,342392274,121766478,43390494,15504762,5561647,2005542
5,13,6,125520384,125520384,42977088,14573760,4880496,1607808,518312,162304,,
5,13,8,1699755200,1699755200,593606816,206557208,71549668,24642928,8426360,2854848,955704,314864
5,13,10,11681953920,11681953920,4094864800,1434213024,501891612,175474272,61295064,21392640,7460362,2599776
5,13,12,43432905600,43432905600,15126632640,5269241120,1836329936,640490912,223696880,78288128,27480544,9686768
5,14,5,37754178,37754178,12311145,3943830,1234761,375177,109549,,,
5,14,7,1051723530,1051723530,355967964,119476731,39683457,13007907,4192848,1322442,405306,
5,14,9,11043097065,11043097065,3797890525,1301620232,444256461,150885251,50944036,17077170,5673591,1863543
5,14,11,67931778915,67931778915,23424751350,8068525465,2776076149,954126173,327611148,112397098,38537422,13208195
5,14,13,238027834440,238027834440,81582120675,27955252710,9579509775,3283878015,1126677618,387125190,133319304,46065448
5,15,6,449935200,449935200,146055888,46711500,14663250,4495464,1336980,382104,,
5,15,8,7558911360,7558911360,2529635680,840340512,276685068,90116848,28961676,9153408,2831864,851904
5,15,10,67257131760,67257131760,22805579160,7707185460,2594812482,869841432,290145732,96222312,31691268,10349808
5,15,12,380165667840,380165667840,129149022240,43816137120,14846445720,5024549088,1698720308,573834048,193733904,65390976
5,15,14,1269481783680,1269481783680,428817821760,144772550100,48862136790,16492012920,5568986412,1882433664,637395280,216385248
5,16,5,113733620,113733620,34994960,10517507,3068728,862108,230542,,,
5,16,7,3838509675,3838509675,1238884075,394818138,123895200,38145445,11468340,3345225,938119,
5,16,9,49474124700,49474124700,16377641280,5386099290,1757746848,568445306,181843870,57408507,17830176,5423964
5,16,11,390395820360,390395820360,130656665685,43588409865,14490697130,4798803191,1582411922,519302927,169486226,54958904
5,16,13,2062907898480,2062907898480,691313163840,231329837115,77300912520,25798102720,8600377626,2864671173,953643288,317396664
5,16,15,6618496174290,6618496174290,2206165391430,734826669720,244625081415,81417649170,27102346700,9027743087,3010933002,1006239962
5,17,6,1392431040,1392431040,429148720,129693872,38260530,10952912,3018484,791952,,
5,17,8,28042014000,28042014000,8992783800,2852549700,893147178,275308880,83261800,24594300,7051590,1945104
5,17,10,303465576960,303465576960,99421686000,32381054160,10475506860,3362715552,1069751452,336699000,104621706,31997952
5,17,12,2182617803520,2182617803520,721703391360,237910015560,78171898140,25596114880,8349650624,2712636612,877317742,282294656
5,17,14,10913089017600,10913089017600,3611712793920,1193436740160,393776409810,129755554320,42708141100,14044578688,4615817934,1516642624
5,17,16,33846624614880,33846624614880,11145794592240,3666927827640,1205551394460,396172307160,130182168900,42793530900,14079812250,4639716704
5,18,5,304594290,304594290,88638550,25066734,6841527,1785567,439971,,,
5,18,7,12168231075,12168231075,3748374630,1135642365,337253301,97746462,27491370,7445367,1920681,
5,18,9,186279093000,186279093000,59338904625,18722879175,5842250700,1799336253,545618425,162368775,47213145,13333530
5,18,11,1773376965360,1773376965360,575320156320,185650879050,59551480170,18974551960,5999762244,1880497773,583342655,178726338
5,18,13,11838752818200,11838752818200,3871084254840,1262090169720,410226200595,132914421585,42920892825,13811150331,4427354673,1413365958
5,18,15,56511775026630,56511775026630,18488916438300,6039202312110,1969666000830,641529414405,208706563890,67835302425,22034408319,7155187732
5,19,6,3845761920,3845761920,1127206080,322585120,89675344,24053216,6169296,1494304,,
5,19,8,90833233920,90833233920,27927556800,8465096640,2523057680,737076032,210171896,58172480,15512144,3942784
5,19,10,1158123732480,1158123732480,366429523200,114967054800,35725823640,10979375680,3330880608,995175720,291908780,83707776
5,19,12,9977681387520,9977681387520,3207111874560,1025843865600,326384550720,103233450240,32438677440,10117956864,3129228256,958222592
5,19,14,62627767994880,62627767994880,20267165318400,6540429540480,2104627467840,675255539040,215998069200,68877382400,21892133792,6934177376
5,19,16,287350935505920,287350935505920,93020655404160,30062743539840,9700923877920,3126084501120,1006179998580,323548816320,103971354640,33399329664
5,20,5,742931280,742931280,204946560,54693080,14013440,3412784,779144,,,
5,20,7,34546304520,34546304520,10168871895,2933297640,825962085,225902205,59621771,15052191,3590706,
5,20,9,615253232880,615253232880,188633789760,57123897675,17052651720,5005840060,1440533930,404744670,110437780,29048648
5,20,11,6851683729800,6851683729800,2153386315080,671733699000,207788592375,63666328635,19295703375,5774492493,1702485400,493011050
5,20,13,54443457404640,54443457404640,17347559685120,5502859334640,1737185598720,545552399880,170352045180,52858523640,16285490952,4976886068
5,20,15,324392267035980,324392267035980,103971880460250,33235506368460,10595370577770,3368570503530,1068017631945,337674284145,106457964910,33463767062
